


INSERT INTO IMAGE(tid,imageurl,iscover) VALUES(	1,	'http://www.baidu.com/img/bd_logo1.png',	'N'	);
INSERT INTO IMAGE(tid,imageurl,iscover) VALUES(	2,	'http://www.baidu.com/img/bd_logo2.png',	'N'	);
INSERT INTO IMAGE(tid,imageurl,iscover) VALUES(	3,	'http://www.baidu.com/img/bd_logo3.png',	'N'	);
INSERT INTO IMAGE(tid,imageurl,iscover) VALUES(	4,	'http://www.baidu.com/img/bd_logo4.png',	'N'	);
INSERT INTO IMAGE(tid,imageurl,iscover) VALUES(	5,	'http://www.baidu.com/img/bd_logo5.png',	'N'	);
INSERT INTO IMAGE(tid,imageurl,iscover) VALUES(	6,	'http://www.baidu.com/img/bd_logo6.png',	'N'	);
INSERT INTO IMAGE(tid,imageurl,iscover) VALUES(	7,	'http://www.baidu.com/img/bd_logo7.png',	'N'	);
INSERT INTO IMAGE(tid,imageurl,iscover) VALUES(	8,	'http://www.baidu.com/img/bd_logo8.png',	'N'	);
INSERT INTO IMAGE(tid,imageurl,iscover) VALUES(	9,	'http://www.baidu.com/img/bd_logo9.png',	'N'	);
INSERT INTO IMAGE(tid,imageurl,iscover) VALUES(	10,	'http://www.baidu.com/img/bd_logo10.png',	'N'	);
INSERT INTO IMAGE(tid,imageurl,iscover) VALUES(	11,	'http://www.baidu.com/img/bd_logo11.png',	'N'	);
INSERT INTO IMAGE(tid,imageurl,iscover) VALUES(	12,	'http://www.baidu.com/img/bd_logo12.png',	'N'	);
INSERT INTO IMAGE(tid,imageurl,iscover) VALUES(	3,	'http://www.baidu.com/img/bd_logo13.png',	'N'	);
INSERT INTO IMAGE(tid,imageurl,iscover) VALUES(	4,	'http://www.baidu.com/img/bd_logo14.png',	'N'	);
INSERT INTO IMAGE(tid,imageurl,iscover) VALUES(	5,	'http://www.baidu.com/img/bd_logo15.png',	'N'	);
INSERT INTO IMAGE(tid,imageurl,iscover) VALUES(	6,	'http://www.baidu.com/img/bd_logo16.png',	'N'	);
INSERT INTO IMAGE(tid,imageurl,iscover) VALUES(	7,	'http://www.baidu.com/img/bd_logo17.png',	'N'	);
INSERT INTO IMAGE(tid,imageurl,iscover) VALUES(	8,	'http://www.baidu.com/img/bd_logo18.png',	'N'	);
INSERT INTO IMAGE(tid,imageurl,iscover) VALUES(	9,	'http://www.baidu.com/img/bd_logo19.png',	'N'	);
INSERT INTO IMAGE(tid,imageurl,iscover) VALUES(	10,	'http://www.baidu.com/img/bd_logo20.png',	'N'	);
INSERT INTO IMAGE(tid,imageurl,iscover) VALUES(	1,	'http://www.baidu.com/img/bd_logo21.png',	'N'	);



INSERT INTO TORRENT(tid,torrentname,torrenturl,ishd) VALUES(	1,	'123.torrent',	'http://www.baidu.com/img/bd_logo1.torrent',	'N'	);
INSERT INTO TORRENT(tid,torrentname,torrenturl,ishd) VALUES(	2,	'124.torrent',	'http://www.baidu.com/img/bd_logo2.torrent',	'N'	);
INSERT INTO TORRENT(tid,torrentname,torrenturl,ishd) VALUES(	3,	'125.torrent',	'http://www.baidu.com/img/bd_logo3.torrent',	'N'	);
INSERT INTO TORRENT(tid,torrentname,torrenturl,ishd) VALUES(	4,	'126.torrent',	'http://www.baidu.com/img/bd_logo4.torrent',	'N'	);
INSERT INTO TORRENT(tid,torrentname,torrenturl,ishd) VALUES(	5,	'127.torrent',	'http://www.baidu.com/img/bd_logo5.torrent',	'N'	);
INSERT INTO TORRENT(tid,torrentname,torrenturl,ishd) VALUES(	6,	'128.torrent',	'http://www.baidu.com/img/bd_logo6.torrent',	'N'	);
INSERT INTO TORRENT(tid,torrentname,torrenturl,ishd) VALUES(	7,	'129.torrent',	'http://www.baidu.com/img/bd_logo7.torrent',	'N'	);
INSERT INTO TORRENT(tid,torrentname,torrenturl,ishd) VALUES(	8,	'130.torrent',	'http://www.baidu.com/img/bd_logo8.torrent',	'N'	);
INSERT INTO TORRENT(tid,torrentname,torrenturl,ishd) VALUES(	9,	'131.torrent',	'http://www.baidu.com/img/bd_logo9.torrent',	'N'	);
INSERT INTO TORRENT(tid,torrentname,torrenturl,ishd) VALUES(	10,	'132.torrent',	'http://www.baidu.com/img/bd_logo10.torrent',	'N'	);
INSERT INTO TORRENT(tid,torrentname,torrenturl,ishd) VALUES(	11,	'133.torrent',	'http://www.baidu.com/img/bd_logo11.torrent',	'N'	);
INSERT INTO TORRENT(tid,torrentname,torrenturl,ishd) VALUES(	12,	'134.torrent',	'http://www.baidu.com/img/bd_logo12.torrent',	'N'	);
INSERT INTO TORRENT(tid,torrentname,torrenturl,ishd) VALUES(	1,	'135.torrent',	'http://www.baidu.com/img/bd_logo13.torrent',	'N'	);
INSERT INTO TORRENT(tid,torrentname,torrenturl,ishd) VALUES(	4,	'136.torrent',	'http://www.baidu.com/img/bd_logo14.torrent',	'N'	);
INSERT INTO TORRENT(tid,torrentname,torrenturl,ishd) VALUES(	5,	'137.torrent',	'http://www.baidu.com/img/bd_logo15.torrent',	'N'	);
INSERT INTO TORRENT(tid,torrentname,torrenturl,ishd) VALUES(	1,	'138.torrent',	'http://www.baidu.com/img/bd_logo16.torrent',	'N'	);
INSERT INTO TORRENT(tid,torrentname,torrenturl,ishd) VALUES(	2,	'139.torrent',	'http://www.baidu.com/img/bd_logo17.torrent',	'N'	);
INSERT INTO TORRENT(tid,torrentname,torrenturl,ishd) VALUES(	4,	'140.torrent',	'http://www.baidu.com/img/bd_logo18.torrent',	'N'	);
INSERT INTO TORRENT(tid,torrentname,torrenturl,ishd) VALUES(	10,	'141.torrent',	'http://www.baidu.com/img/bd_logo19.torrent',	'N'	);
INSERT INTO TORRENT(tid,torrentname,torrenturl,ishd) VALUES(	11,	'142.torrent',	'http://www.baidu.com/img/bd_logo20.torrent',	'N'	);
INSERT INTO TORRENT(tid,torrentname,torrenturl,ishd) VALUES(	7,	'143.torrent',	'http://www.baidu.com/img/bd_logo21.torrent',	'N'	);

INSERT INTO FILM(tid,serialno,filmname,filmcover,filmtorrent,actorname,filmext,filmsize,filmduration,markinfo,releasetime,torrentterm) VALUES(	1,	'abs',	'abs',	'http://www.baidu.com/img/bd_logo1.png',	'http://www.baidu.com/img/bd_logo2.png',	'http://www.baidu.com/img/bd_logo3.png',	'http://www.baidu.com/img/bd_logo4.png',	'http://www.baidu.com/img/bd_logo5.png',	'http://www.baidu.com/img/bd_logo6.png',	'http://www.baidu.com/img/bd_logo7.png',	'http://www.baidu.com/img/bd_logo8.png',	'http://www.baidu.com/img/bd_logo9.png'	);
INSERT INTO FILM(tid,serialno,filmname,filmcover,filmtorrent,actorname,filmext,filmsize,filmduration,markinfo,releasetime,torrentterm) VALUES(	2,	'abs',	'abs',	'http://www.baidu.com/img/bd_logo2.png',	'http://www.baidu.com/img/bd_logo3.png',	'http://www.baidu.com/img/bd_logo4.png',	'http://www.baidu.com/img/bd_logo5.png',	'http://www.baidu.com/img/bd_logo6.png',	'http://www.baidu.com/img/bd_logo7.png',	'http://www.baidu.com/img/bd_logo8.png',	'http://www.baidu.com/img/bd_logo9.png',	'http://www.baidu.com/img/bd_logo10.png'	);
INSERT INTO FILM(tid,serialno,filmname,filmcover,filmtorrent,actorname,filmext,filmsize,filmduration,markinfo,releasetime,torrentterm) VALUES(	3,	'abs',	'abs',	'http://www.baidu.com/img/bd_logo3.png',	'http://www.baidu.com/img/bd_logo4.png',	'http://www.baidu.com/img/bd_logo5.png',	'http://www.baidu.com/img/bd_logo6.png',	'http://www.baidu.com/img/bd_logo7.png',	'http://www.baidu.com/img/bd_logo8.png',	'http://www.baidu.com/img/bd_logo9.png',	'http://www.baidu.com/img/bd_logo10.png',	'http://www.baidu.com/img/bd_logo11.png'	);
INSERT INTO FILM(tid,serialno,filmname,filmcover,filmtorrent,actorname,filmext,filmsize,filmduration,markinfo,releasetime,torrentterm) VALUES(	4,	'abs',	'abs',	'http://www.baidu.com/img/bd_logo4.png',	'http://www.baidu.com/img/bd_logo5.png',	'http://www.baidu.com/img/bd_logo6.png',	'http://www.baidu.com/img/bd_logo7.png',	'http://www.baidu.com/img/bd_logo8.png',	'http://www.baidu.com/img/bd_logo9.png',	'http://www.baidu.com/img/bd_logo10.png',	'http://www.baidu.com/img/bd_logo11.png',	'http://www.baidu.com/img/bd_logo12.png'	);
INSERT INTO FILM(tid,serialno,filmname,filmcover,filmtorrent,actorname,filmext,filmsize,filmduration,markinfo,releasetime,torrentterm) VALUES(	5,	'abs',	'abs',	'http://www.baidu.com/img/bd_logo5.png',	'http://www.baidu.com/img/bd_logo6.png',	'http://www.baidu.com/img/bd_logo7.png',	'http://www.baidu.com/img/bd_logo8.png',	'http://www.baidu.com/img/bd_logo9.png',	'http://www.baidu.com/img/bd_logo10.png',	'http://www.baidu.com/img/bd_logo11.png',	'http://www.baidu.com/img/bd_logo12.png',	'http://www.baidu.com/img/bd_logo13.png'	);
INSERT INTO FILM(tid,serialno,filmname,filmcover,filmtorrent,actorname,filmext,filmsize,filmduration,markinfo,releasetime,torrentterm) VALUES(	6,	'abs',	'abs',	'http://www.baidu.com/img/bd_logo6.png',	'http://www.baidu.com/img/bd_logo7.png',	'http://www.baidu.com/img/bd_logo8.png',	'http://www.baidu.com/img/bd_logo9.png',	'http://www.baidu.com/img/bd_logo10.png',	'http://www.baidu.com/img/bd_logo11.png',	'http://www.baidu.com/img/bd_logo12.png',	'http://www.baidu.com/img/bd_logo13.png',	'http://www.baidu.com/img/bd_logo14.png'	);
INSERT INTO FILM(tid,serialno,filmname,filmcover,filmtorrent,actorname,filmext,filmsize,filmduration,markinfo,releasetime,torrentterm) VALUES(	7,	'abs',	'abs',	'http://www.baidu.com/img/bd_logo7.png',	'http://www.baidu.com/img/bd_logo8.png',	'http://www.baidu.com/img/bd_logo9.png',	'http://www.baidu.com/img/bd_logo10.png',	'http://www.baidu.com/img/bd_logo11.png',	'http://www.baidu.com/img/bd_logo12.png',	'http://www.baidu.com/img/bd_logo13.png',	'http://www.baidu.com/img/bd_logo14.png',	'http://www.baidu.com/img/bd_logo15.png'	);
INSERT INTO FILM(tid,serialno,filmname,filmcover,filmtorrent,actorname,filmext,filmsize,filmduration,markinfo,releasetime,torrentterm) VALUES(	8,	'abs',	'abs',	'http://www.baidu.com/img/bd_logo8.png',	'http://www.baidu.com/img/bd_logo9.png',	'http://www.baidu.com/img/bd_logo10.png',	'http://www.baidu.com/img/bd_logo11.png',	'http://www.baidu.com/img/bd_logo12.png',	'http://www.baidu.com/img/bd_logo13.png',	'http://www.baidu.com/img/bd_logo14.png',	'http://www.baidu.com/img/bd_logo15.png',	'http://www.baidu.com/img/bd_logo16.png'	);
INSERT INTO FILM(tid,serialno,filmname,filmcover,filmtorrent,actorname,filmext,filmsize,filmduration,markinfo,releasetime,torrentterm) VALUES(	9,	'abs',	'abs',	'http://www.baidu.com/img/bd_logo9.png',	'http://www.baidu.com/img/bd_logo10.png',	'http://www.baidu.com/img/bd_logo11.png',	'http://www.baidu.com/img/bd_logo12.png',	'http://www.baidu.com/img/bd_logo13.png',	'http://www.baidu.com/img/bd_logo14.png',	'http://www.baidu.com/img/bd_logo15.png',	'http://www.baidu.com/img/bd_logo16.png',	'http://www.baidu.com/img/bd_logo17.png'	);
INSERT INTO FILM(tid,serialno,filmname,filmcover,filmtorrent,actorname,filmext,filmsize,filmduration,markinfo,releasetime,torrentterm) VALUES(	10,	'abs',	'abs',	'http://www.baidu.com/img/bd_logo10.png',	'http://www.baidu.com/img/bd_logo11.png',	'http://www.baidu.com/img/bd_logo12.png',	'http://www.baidu.com/img/bd_logo13.png',	'http://www.baidu.com/img/bd_logo14.png',	'http://www.baidu.com/img/bd_logo15.png',	'http://www.baidu.com/img/bd_logo16.png',	'http://www.baidu.com/img/bd_logo17.png',	'http://www.baidu.com/img/bd_logo18.png'	);
INSERT INTO FILM(tid,serialno,filmname,filmcover,filmtorrent,actorname,filmext,filmsize,filmduration,markinfo,releasetime,torrentterm) VALUES(	11,	'abs',	'abs',	'http://www.baidu.com/img/bd_logo11.png',	'http://www.baidu.com/img/bd_logo12.png',	'http://www.baidu.com/img/bd_logo13.png',	'http://www.baidu.com/img/bd_logo14.png',	'http://www.baidu.com/img/bd_logo15.png',	'http://www.baidu.com/img/bd_logo16.png',	'http://www.baidu.com/img/bd_logo17.png',	'http://www.baidu.com/img/bd_logo18.png',	'http://www.baidu.com/img/bd_logo19.png'	);
INSERT INTO FILM(tid,serialno,filmname,filmcover,filmtorrent,actorname,filmext,filmsize,filmduration,markinfo,releasetime,torrentterm) VALUES(	12,	'abs',	'abs',	'http://www.baidu.com/img/bd_logo12.png',	'http://www.baidu.com/img/bd_logo13.png',	'http://www.baidu.com/img/bd_logo14.png',	'http://www.baidu.com/img/bd_logo15.png',	'http://www.baidu.com/img/bd_logo16.png',	'http://www.baidu.com/img/bd_logo17.png',	'http://www.baidu.com/img/bd_logo18.png',	'http://www.baidu.com/img/bd_logo19.png',	'http://www.baidu.com/img/bd_logo20.png'	);

